Question,Answer
"What is the function of the retina in the eye?","The retina is a light-sensitive layer at the back of the eye that captures light and sends visual information to the brain, enabling clear, sharp vision."
"What does a normal retina look like on an OCT scan?","A normal retina shows uniform layers with no fluid pockets, deposits, or abnormal blood vessels. Each retinal layer appears even and well-defined."
"Why is the macula important?","The macula is the part of the retina that supports central vision needed for detailed tasks, like reading and driving."
"What are the signs of a healthy retina?","A healthy retina has defined layers, no fluid leakage or deposits, and healthy blood vessels with a properly shaped macula and fovea."
"How can I keep my retina healthy as I age?","Annual eye exams, managing blood pressure and blood sugar, a balanced diet, staying active, and protecting your eyes from UV light all help maintain retinal health."
"What dietary habits support retinal health?","A diet with leafy greens, omega-3 rich fish, citrus fruits, nuts, and seeds supports retinal health due to antioxidants, vitamins, and healthy fats."
"What lifestyle choices can harm retinal health?","Smoking, poor diet, lack of exercise, and high alcohol consumption can negatively affect retinal health and increase the risk of retinal diseases."
"How do blood sugar and blood pressure affect the retina?","High blood sugar and blood pressure can damage retinal blood vessels, increasing the risk of conditions like diabetic retinopathy."
"What symptoms might indicate a retinal problem?","Blurriness, light sensitivity, and difficulty focusing can signal retinal issues, so itâ€™s best to consult an ophthalmologist if these arise."
"Is it necessary to protect my eyes from the sun?","Yes, UV-protective sunglasses help prevent sun-induced retinal damage and lower the risk of eye conditions like cataracts."
"How does smoking impact my retina?","Smoking damages retinal blood vessels, increasing the risk of conditions like age-related macular degeneration (AMD)."
"Are certain supplements beneficial for retinal health?","Supplements with lutein, zeaxanthin, or omega-3 fatty acids may help support retinal health if recommended by an eye specialist."
"What are the benefits of leafy greens for my eyes?","Leafy greens are high in lutein and zeaxanthin, antioxidants that protect the retina from oxidative stress and light-induced damage."
"How often should I have my retina checked?","Annual eye exams are recommended to monitor retinal health, especially as we age or if other risk factors are present."
"What types of foods should I eat to support eye health?","A diet rich in leafy greens, fatty fish, citrus fruits, nuts, and seeds provides antioxidants, vitamins, and healthy fats that support eye health."
"Can I prevent age-related retinal issues?","While aging increases the risk, regular exams, a healthy lifestyle, and protecting your eyes can help delay or prevent some age-related retinal conditions."
"Does hydration affect eye health?","Yes, staying hydrated is important as it helps maintain eye moisture and supports the retina and other eye structures."
"How does the retinal pigment epithelium (RPE) support vision?","The RPE absorbs excess light, provides nutrients, and removes waste, which keeps photoreceptors healthy for clear vision."
"What is the role of omega-3 fatty acids for the retina?","Omega-3s, found in fish like salmon, help support retinal blood vessels and may reduce the risk of macular degeneration."
"Why is vitamin C important for the retina?","Vitamin C supports collagen production and protects retinal blood vessels, which is essential for maintaining retinal integrity."
"How does the retina contribute to peripheral vision?","The outer areas of the retina capture peripheral vision, helping you see movement and objects outside your central focus."
"What are photoreceptors, and why are they important?","Photoreceptors, like rods and cones, capture light and color, converting them into electrical signals that are sent to the brain for vision."
"How can genetics impact retinal health?","A family history of retinal diseases can increase susceptibility to these conditions, making regular eye exams even more important."
"Does UV light affect retinal health?","Yes, prolonged UV exposure can damage the retina, so wearing sunglasses with UV protection is beneficial."
"What should I do if I notice changes in my vision?","Report any changes in vision, such as blurriness or difficulty focusing, to your eye doctor as they may indicate underlying issues."
